{
  "profiles": [
    {
      "after": 9.3651,
      "before": 10.2053,
      "delta": -0.8401999999999994,
      "profile": "linear_nearest_neighbor",
      "reduction_pct": 8.232976982548278
    },
    {
      "after": 7.109319999999999,
      "before": 7.702279999999999,
      "delta": -0.5929599999999997,
      "profile": "heavy_hex_like_sparse",
      "reduction_pct": 7.698499665034246
    },
    {
      "after": 3.5266599999999997,
      "before": 3.8231400000000004,
      "delta": -0.29648000000000074,
      "profile": "all_to_all_ion_trap_like",
      "reduction_pct": 7.7548821126090255
    },
    {
      "after": 11.81688,
      "before": 12.904320000000002,
      "delta": -1.0874400000000026,
      "profile": "neutral_atom_reconfigurable",
      "reduction_pct": 8.42694539503052
    }
  ]
}
