{
  "profiles": [
    {
      "after": 3.9409,
      "before": 4.9136999999999995,
      "delta": -0.9727999999999994,
      "profile": "linear_nearest_neighbor",
      "reduction_pct": 19.797708447809175
    },
    {
      "after": 2.9760400000000002,
      "before": 3.6801200000000005,
      "delta": -0.7040800000000003,
      "profile": "heavy_hex_like_sparse",
      "reduction_pct": 19.131984826581746
    },
    {
      "after": 1.4740199999999999,
      "before": 1.8260600000000002,
      "delta": -0.35204000000000035,
      "profile": "all_to_all_ion_trap_like",
      "reduction_pct": 19.27866554220564
    },
    {
      "after": 5.00376,
      "before": 6.245279999999999,
      "delta": -1.2415199999999995,
      "profile": "neutral_atom_reconfigurable",
      "reduction_pct": 19.879332872185067
    }
  ]
}
