{
  "profiles": [
    {
      "after": 528.0802,
      "before": 663.4282,
      "delta": -135.34799999999996,
      "profile": "linear_nearest_neighbor",
      "reduction_pct": 20.40130341158244
    },
    {
      "after": 394.43484,
      "before": 494.9262,
      "delta": -100.49135999999999,
      "profile": "heavy_hex_like_sparse",
      "reduction_pct": 20.304312036824882
    },
    {
      "after": 197.21142000000003,
      "before": 247.4571,
      "delta": -50.245679999999965,
      "profile": "all_to_all_ion_trap_like",
      "reduction_pct": 20.30480434790514
    },
    {
      "after": 661.7675600000001,
      "before": 831.9722,
      "delta": -170.20463999999993,
      "profile": "neutral_atom_reconfigurable",
      "reduction_pct": 20.45797203320014
    }
  ]
}
