{
  "profiles": [
    {
      "after": 2.93845,
      "before": 3.2529500000000002,
      "delta": -0.3145000000000002,
      "profile": "linear_nearest_neighbor",
      "reduction_pct": 9.668147373922139
    },
    {
      "after": 2.3566200000000004,
      "before": 2.58262,
      "delta": -0.22599999999999953,
      "profile": "heavy_hex_like_sparse",
      "reduction_pct": 8.75080344766166
    },
    {
      "after": 1.1403100000000002,
      "before": 1.25331,
      "delta": -0.11299999999999977,
      "profile": "all_to_all_ion_trap_like",
      "reduction_pct": 9.016125300205038
    },
    {
      "after": 3.78628,
      "before": 4.18928,
      "delta": -0.403,
      "profile": "neutral_atom_reconfigurable",
      "reduction_pct": 9.619791467746248
    }
  ]
}
