{
  "profiles": [
    {
      "after": 2.92095,
      "before": 3.2529500000000002,
      "delta": -0.3320000000000003,
      "profile": "linear_nearest_neighbor",
      "reduction_pct": 10.206120598226235
    },
    {
      "after": 2.3435400000000004,
      "before": 2.58262,
      "delta": -0.23907999999999952,
      "profile": "heavy_hex_like_sparse",
      "reduction_pct": 9.257265877287388
    },
    {
      "after": 1.1337700000000002,
      "before": 1.25331,
      "delta": -0.11953999999999976,
      "profile": "all_to_all_ion_trap_like",
      "reduction_pct": 9.53794352554434
    },
    {
      "after": 3.76436,
      "before": 4.18928,
      "delta": -0.4249200000000002,
      "profile": "neutral_atom_reconfigurable",
      "reduction_pct": 10.143031738150713
    }
  ]
}
