{
  "profiles": [
    {
      "after": 3.15145,
      "before": 3.2529500000000002,
      "delta": -0.10150000000000015,
      "profile": "linear_nearest_neighbor",
      "reduction_pct": 3.120244700963745
    },
    {
      "after": 2.51468,
      "before": 2.58262,
      "delta": -0.06794000000000011,
      "profile": "heavy_hex_like_sparse",
      "reduction_pct": 2.630661885991749
    },
    {
      "after": 1.2193399999999999,
      "before": 1.25331,
      "delta": -0.033970000000000056,
      "profile": "all_to_all_ion_trap_like",
      "reduction_pct": 2.710422800424481
    },
    {
      "after": 4.05422,
      "before": 4.18928,
      "delta": -0.13506000000000018,
      "profile": "neutral_atom_reconfigurable",
      "reduction_pct": 3.2239430164610665
    }
  ]
}
