{
  "profiles": [
    {
      "after": 3.1487000000000003,
      "before": 3.2529500000000002,
      "delta": -0.10424999999999995,
      "profile": "linear_nearest_neighbor",
      "reduction_pct": 3.2047833504972396
    },
    {
      "after": 2.5133199999999998,
      "before": 2.58262,
      "delta": -0.06930000000000014,
      "profile": "heavy_hex_like_sparse",
      "reduction_pct": 2.68332158815467
    },
    {
      "after": 1.2186599999999999,
      "before": 1.25331,
      "delta": -0.03465000000000007,
      "profile": "all_to_all_ion_trap_like",
      "reduction_pct": 2.764679129664654
    },
    {
      "after": 4.05008,
      "before": 4.18928,
      "delta": -0.13919999999999977,
      "profile": "neutral_atom_reconfigurable",
      "reduction_pct": 3.3227666806706586
    }
  ]
}
